{
"lengthUnit": "mil",
"remark": [],
"components": {
	"fields": ["COMPONENT_NO", "COMPONENT_NAME", "LAYER", "X_COORDINATE", "Y_COORDINATE", "ANGLE"],
	"rows": [
		[1, "C1", "T", -110.236, 104.3305, 0],
		[2, "C2", "T", -110.236, 57.0865, 0],
		[3, "C3", "T", -11.811, -37.4015, 180],
		[4, "C4", "T", 125.984, 120.0785, 0],
		[5, "C5", "T", 125.984, 72.8345, 0],
		[6, "D1", "T", -102.3621, -129.8117, 180],
		[7, "R1", "T", -110.236, -37.4015, 180],
		[8, "R2", "T", -110.236, 9.8425, 0],
		[9, "R3", "T", -44.491, 131.8895, 90],
		[10, "R4", "T", 14.37, -159.4485, 0],
		[11, "R5", "T", 57.0866, -92.5195, 90],
		[12, "U1", "T", 7.874, 41.3548, 270],
		[13, "U2", "T", 131.8895, -19.685, 0],
		[14, "U3", "T", 192.912, 192.913, 315],
		[15, "U4", "T", -275.5906, -0.003, 90],
		[16, "U5", "T", -192.9131, 192.913, 45],
		[17, "U6", "T", 0, -273.622, 0],
		[18, "U7", "T", 275.5906, 0, 90],
		[19, "PAD1", "T", 153.544, 120.0785, 0],
		[20, "PAD2", "T", 98.424, 120.0785, 0],
		[21, "PAD3", "T", 153.544, 72.8345, 0],
		[22, "PAD4", "T", 98.424, 72.8345, 0],
		[23, "PAD5", "T", -44.491, 151.5745, 0],
		[24, "PAD6", "T", -44.491, 112.2045, 0],
		[25, "PAD7", "T", 51.184, 78.7548, 0],
		[26, "PAD8", "T", 51.184, 3.9548, 0],
		[27, "PAD9", "T", -35.436, 78.7548, 0],
		[28, "PAD10", "T", -35.436, 3.9548, 0],
		[29, "PAD11", "T", -35.436, 41.3548, 0],
		[30, "PAD12", "T", -137.793, -37.4045, 0],
		[31, "PAD13", "T", -82.673, -37.4045, 0],
		[32, "PAD14", "T", -82.679, 9.8455, 0],
		[33, "PAD15", "T", -137.799, 9.8455, 0],
		[34, "PAD16", "T", -82.676, 104.3305, 0],
		[35, "PAD17", "T", -137.796, 104.3305, 0],
		[36, "PAD18", "T", -82.676, 57.0865, 0],
		[37, "PAD19", "T", -137.796, 57.0865, 0],
		[38, "PAD20", "T", -39.371, -37.4015, 0],
		[39, "PAD21", "T", 15.749, -37.4015, 0],
		[40, "PAD22", "T", -129.9191, -129.8147, 0],
		[41, "PAD23", "T", -74.7991, -129.8147, 0],
		[42, "PAD24", "T", 57.0866, -72.8345, 0],
		[43, "PAD25", "T", 57.0866, -112.2045, 0],
		[44, "PAD26", "T", 94.4895, 23.625, 0],
		[45, "PAD27", "T", 169.2895, 23.625, 0],
		[46, "PAD28", "T", 94.4895, -62.995, 0],
		[47, "PAD29", "T", 169.2895, -62.995, 0],
		[48, "PAD30", "T", 131.8895, -62.995, 0],
		[49, "PAD31", "T", 53.74, -159.4485, 0],
		[50, "PAD32", "T", -25, -159.4485, 0],
		[51, "PAD33", "T", 192.912, 192.913, 0],
		[52, "PAD34", "T", -275.5906, -0.003, 0],
		[53, "PAD35", "T", -192.9131, 192.913, 0],
		[54, "PAD36", "T", 0, -273.622, 0],
		[55, "PAD37", "T", 275.5906, 0, 0]
	]
},
"pins": {
	"fields": ["PIN_NO", "PIN_NAME", "PIN_X", "PIN_Y", "LAYER", "PIN_TYPE", "NET_NAME", "NET_TYPE", "PAD_SHAPE", "PAD_SIZEX", "PAD_SIZEY", "HOLE_SIZE", "HOLE_LEN", "PAD_ANGLE"],
	"rows": [
		[1, "C1_1", -137.796, 104.3305, "T", "SMD", "$1N414991", "", "R", 31.496, 35.433, 0, 0, 0],
		[2, "C1_2", -82.676, 104.3305, "T", "SMD", "$1N416309", "", "R", 31.496, 35.433, 0, 0, 0],
		[3, "C2_1", -137.796, 57.0865, "T", "SMD", "$1N414991", "", "R", 31.496, 35.433, 0, 0, 0],
		[4, "C2_2", -82.676, 57.0865, "T", "SMD", "$1N416309", "", "R", 31.496, 35.433, 0, 0, 0],
		[5, "C3_1", 15.749, -37.4015, "T", "SMD", "GND", "GND", "R", 31.496, 35.433, 0, 0, 180],
		[6, "C3_2", -39.371, -37.4015, "T", "SMD", "$1N414995", "", "R", 31.496, 35.433, 0, 0, 180],
		[7, "C4_1", 98.424, 120.0785, "T", "SMD", "+5V", "", "R", 31.496, 35.433, 0, 0, 0],
		[8, "C4_2", 153.544, 120.0785, "T", "SMD", "GND", "GND", "R", 31.496, 35.433, 0, 0, 0],
		[9, "C5_1", 98.424, 72.8345, "T", "SMD", "+5V", "", "R", 31.496, 35.433, 0, 0, 0],
		[10, "C5_2", 153.544, 72.8345, "T", "SMD", "GND", "GND", "R", 31.496, 35.433, 0, 0, 0],
		[11, "D1_1", -74.7991, -129.8147, "T", "SMD", "ELECTRODE", "", "R", 31.496, 35.433, 0, 0, 180],
		[12, "D1_2", -129.9191, -129.8147, "T", "SMD", "GND", "GND", "R", 31.496, 35.433, 0, 0, 180],
		[13, "R1_1", -82.673, -37.4045, "T", "SMD", "$1N417512", "", "R", 31.496, 35.433, 0, 0, 180],
		[14, "R1_2", -137.793, -37.4045, "T", "SMD", "$1N414991", "", "R", 31.496, 35.433, 0, 0, 180],
		[15, "R2_1", -137.799, 9.8455, "T", "SMD", "$1N414991", "", "R", 31.496, 35.433, 0, 0, 0],
		[16, "R2_2", -82.679, 9.8455, "T", "SMD", "$1N414995", "", "R", 31.496, 35.433, 0, 0, 0],
		[17, "R3_1", -44.491, 112.2045, "T", "SMD", "$1N416309", "", "R", 19.685, 21.26, 0, 0, 90],
		[18, "R3_2", -44.491, 151.5745, "T", "SMD", "VOUT", "", "R", 19.685, 21.26, 0, 0, 90],
		[19, "R4_1", -25, -159.4485, "T", "SMD", "ELECTRODE", "", "R", 44.588, 54.213, 0, 0, 0],
		[20, "R4_2", 53.74, -159.4485, "T", "SMD", "$1N417489", "", "R", 44.588, 54.213, 0, 0, 0],
		[21, "R5_1", 57.0866, -112.2045, "T", "SMD", "NET_1", "", "R", 19.685, 21.26, 0, 0, 90],
		[22, "R5_2", 57.0866, -72.8345, "T", "SMD", "$1N417512", "", "R", 19.685, 21.26, 0, 0, 90],
		[23, "U1_1", -35.436, 78.7548, "T", "SMD", "$1N416309", "", "R", 23.622, 39.37, 0, 0, 270],
		[24, "U1_2", -35.436, 41.3548, "T", "SMD", "GND", "GND", "R", 23.622, 39.37, 0, 0, 270],
		[25, "U1_3", -35.436, 3.9548, "T", "SMD", "$1N414995", "", "R", 23.622, 39.37, 0, 0, 270],
		[26, "U1_4", 51.184, 3.9548, "T", "SMD", "$1N416309", "", "R", 23.622, 39.37, 0, 0, 270],
		[27, "U1_5", 51.184, 78.7548, "T", "SMD", "+5V", "", "R", 23.622, 39.37, 0, 0, 270],
		[28, "U2_1", 94.4895, -62.995, "T", "SMD", "$1N417512", "", "R", 23.622, 39.37, 0, 0, 0],
		[29, "U2_2", 131.8895, -62.995, "T", "SMD", "GND", "GND", "R", 23.622, 39.37, 0, 0, 0],
		[30, "U2_3", 169.2895, -62.995, "T", "SMD", "$1N417489", "", "R", 23.622, 39.37, 0, 0, 0],
		[31, "U2_4", 169.2895, 23.625, "T", "SMD", "$1N417512", "", "R", 23.622, 39.37, 0, 0, 0],
		[32, "U2_5", 94.4895, 23.625, "T", "SMD", "+5V", "", "R", 23.622, 39.37, 0, 0, 0],
		[33, "U3_1", 192.912, 192.913, "T", "SMD", "+5V", "", "R", 110.236, 59.055, 0, 0, 315],
		[34, "U4_1", -275.5906, -0.003, "T", "SMD", "GND", "GND", "R", 110.236, 59.055, 0, 0, 90],
		[35, "U5_1", -192.9131, 192.913, "T", "SMD", "VOUT", "", "R", 110.236, 59.055, 0, 0, 45],
		[36, "U6_1", 0, -273.622, "T", "SMD", "ELECTRODE", "", "R", 110.236, 59.055, 0, 0, 0],
		[37, "U7_1", 275.5906, 0, "T", "SMD", "GND", "GND", "R", 110.236, 59.055, 0, 0, 90],
		[38, "PAD1_2", 153.544, 120.0785, "T", "SMD", "GND", "GND", "R", 31.496, 35.433, 0, 0, 0],
		[39, "PAD2_1", 98.424, 120.0785, "T", "SMD", "+5V", "", "R", 31.496, 35.433, 0, 0, 0],
		[40, "PAD3_2", 153.544, 72.8345, "T", "SMD", "GND", "GND", "R", 31.496, 35.433, 0, 0, 0],
		[41, "PAD4_1", 98.424, 72.8345, "T", "SMD", "+5V", "", "R", 31.496, 35.433, 0, 0, 0],
		[42, "PAD5_2", -44.491, 151.5745, "T", "SMD", "VOUT", "", "R", 19.685, 21.26, 0, 0, 90],
		[43, "PAD6_1", -44.491, 112.2045, "T", "SMD", "$1N416309", "", "R", 19.685, 21.26, 0, 0, 90],
		[44, "PAD7_5", 51.184, 78.7548, "T", "SMD", "+5V", "", "R", 23.622, 39.37, 0, 0, 270],
		[45, "PAD8_4", 51.184, 3.9548, "T", "SMD", "$1N416309", "", "R", 23.622, 39.37, 0, 0, 270],
		[46, "PAD9_1", -35.436, 78.7548, "T", "SMD", "$1N416309", "", "R", 23.622, 39.37, 0, 0, 270],
		[47, "PAD10_3", -35.436, 3.9548, "T", "SMD", "$1N414995", "", "R", 23.622, 39.37, 0, 0, 270],
		[48, "PAD11_2", -35.436, 41.3548, "T", "SMD", "GND", "GND", "R", 23.622, 39.37, 0, 0, 270],
		[49, "PAD12_2", -137.793, -37.4045, "T", "SMD", "$1N414991", "", "R", 31.496, 35.433, 0, 0, 180],
		[50, "PAD13_1", -82.673, -37.4045, "T", "SMD", "$1N417512", "", "R", 31.496, 35.433, 0, 0, 180],
		[51, "PAD14_2", -82.679, 9.8455, "T", "SMD", "$1N414995", "", "R", 31.496, 35.433, 0, 0, 0],
		[52, "PAD15_1", -137.799, 9.8455, "T", "SMD", "$1N414991", "", "R", 31.496, 35.433, 0, 0, 0],
		[53, "PAD16_2", -82.676, 104.3305, "T", "SMD", "$1N416309", "", "R", 31.496, 35.433, 0, 0, 0],
		[54, "PAD17_1", -137.796, 104.3305, "T", "SMD", "$1N414991", "", "R", 31.496, 35.433, 0, 0, 0],
		[55, "PAD18_2", -82.676, 57.0865, "T", "SMD", "$1N416309", "", "R", 31.496, 35.433, 0, 0, 0],
		[56, "PAD19_1", -137.796, 57.0865, "T", "SMD", "$1N414991", "", "R", 31.496, 35.433, 0, 0, 0],
		[57, "PAD20_2", -39.371, -37.4015, "T", "SMD", "$1N414995", "", "R", 31.496, 35.433, 0, 0, 180],
		[58, "PAD21_1", 15.749, -37.4015, "T", "SMD", "GND", "GND", "R", 31.496, 35.433, 0, 0, 180],
		[59, "PAD22_2", -129.9191, -129.8147, "T", "SMD", "GND", "GND", "R", 31.496, 35.433, 0, 0, 180],
		[60, "PAD23_1", -74.7991, -129.8147, "T", "SMD", "ELECTRODE", "", "R", 31.496, 35.433, 0, 0, 180],
		[61, "PAD24_2", 57.0866, -72.8345, "T", "SMD", "$1N417512", "", "R", 19.685, 21.26, 0, 0, 90],
		[62, "PAD25_1", 57.0866, -112.2045, "T", "SMD", "NET_1", "", "R", 19.685, 21.26, 0, 0, 90],
		[63, "PAD26_5", 94.4895, 23.625, "T", "SMD", "+5V", "", "R", 23.622, 39.37, 0, 0, 0],
		[64, "PAD27_4", 169.2895, 23.625, "T", "SMD", "$1N417512", "", "R", 23.622, 39.37, 0, 0, 0],
		[65, "PAD28_1", 94.4895, -62.995, "T", "SMD", "$1N417512", "", "R", 23.622, 39.37, 0, 0, 0],
		[66, "PAD29_3", 169.2895, -62.995, "T", "SMD", "$1N417489", "", "R", 23.622, 39.37, 0, 0, 0],
		[67, "PAD30_2", 131.8895, -62.995, "T", "SMD", "GND", "GND", "R", 23.622, 39.37, 0, 0, 0],
		[68, "PAD31_2", 53.74, -159.4485, "T", "SMD", "$1N417489", "", "R", 44.588, 54.213, 0, 0, 0],
		[69, "PAD32_1", -25, -159.4485, "T", "SMD", "ELECTRODE", "", "R", 44.588, 54.213, 0, 0, 0],
		[70, "PAD33_1", 192.912, 192.913, "T", "SMD", "+5V", "", "R", 110.236, 59.055, 0, 0, 315],
		[71, "PAD34_1", -275.5906, -0.003, "T", "SMD", "GND", "GND", "R", 110.236, 59.055, 0, 0, 90],
		[72, "PAD35_1", -192.9131, 192.913, "T", "SMD", "VOUT", "", "R", 110.236, 59.055, 0, 0, 45],
		[73, "PAD36_1", 0, -273.622, "T", "SMD", "ELECTRODE", "", "R", 110.236, 59.055, 0, 0, 0],
		[74, "PAD37_1", 275.5906, 0, "T", "SMD", "GND", "GND", "R", 110.236, 59.055, 0, 0, 90]
	]
}
}